EmployeeID,Age,Gender,Department,JobRole,MonthlyIncome,OverTime,JobSatisfaction,DistanceFromHome,YearsAtCompany,Attrition
1,50,Female,Finance,Sales Executive,18206,No,3,2,12,No
2,36,Male,R&D,Financial Analyst,4378,Yes,2,11,0,No
3,29,Male,R&D,Technical Lead,4519,Yes,1,12,9,No
4,42,Male,Finance,Research Scientist,10935,Yes,2,28,2,Yes
5,40,Male,R&D,Software Developer,9093,No,3,18,3,No
6,44,Female,HR,Lab Technician,8355,No,2,13,15,Yes
7,32,Female,HR,HR Executive,12083,No,4,5,7,No
8,32,Female,R&D,HR Executive,8574,No,1,22,15,No
9,45,Male,IT,Software Developer,16324,No,2,12,16,No
10,57,Female,Finance,Research Scientist,5257,No,4,2,18,Yes
11,45,Male,HR,Technical Lead,16411,Yes,3,5,14,Yes
12,24,Female,IT,Financial Analyst,18233,No,2,7,15,No
13,43,Male,R&D,HR Executive,18887,No,3,26,14,No
14,23,Male,IT,Technical Lead,5005,No,4,26,1,No
15,45,Female,Sales,Research Scientist,13860,No,3,24,10,No
16,51,Female,HR,Software Developer,13070,No,4,12,0,No
17,59,Female,R&D,Sales Executive,12388,No,4,16,14,No
18,23,Female,Finance,Financial Analyst,17609,No,4,23,18,No
19,42,Male,R&D,Lab Technician,19363,No,2,8,3,No
20,54,Female,Finance,HR Executive,19923,No,3,28,10,No
21,33,Female,R&D,Research Scientist,17823,No,3,9,4,No
22,43,Female,IT,Sales Executive,11547,No,1,15,2,Yes
23,46,Male,IT,Lab Technician,14515,No,1,5,12,No
24,48,Male,IT,Manager,3234,Yes,1,13,9,Yes
25,49,Female,Sales,Research Scientist,17562,No,1,5,10,No
26,37,Male,Finance,Research Scientist,10480,Yes,3,11,17,No
27,36,Female,IT,Lab Technician,7213,No,4,10,1,No
28,24,Male,Sales,Sales Executive,13293,No,4,20,6,Yes
29,58,Male,Finance,Manager,4673,No,2,13,8,No
30,28,Male,R&D,Technical Lead,5100,Yes,4,9,9,Yes
31,42,Male,Sales,Technical Lead,14849,No,3,21,17,Yes
32,30,Female,HR,Software Developer,6841,Yes,3,14,6,No
33,39,Female,Sales,Sales Executive,13197,No,3,18,6,No
34,25,Female,Sales,Financial Analyst,11016,No,2,15,2,No
35,46,Male,Finance,HR Executive,10011,No,1,10,11,No
36,35,Female,R&D,Lab Technician,7493,No,4,24,6,No
37,30,Female,HR,Software Developer,11578,No,3,7,16,Yes
38,47,Female,IT,Manager,5158,Yes,3,8,0,No
39,23,Male,IT,Lab Technician,5064,No,1,28,4,No
40,41,Male,Sales,Lab Technician,6253,No,3,3,15,No
41,49,Male,Finance,Sales Executive,15828,No,4,15,14,No
42,28,Female,Finance,HR Executive,4401,No,2,16,1,No
43,29,Female,IT,Financial Analyst,18193,Yes,3,4,8,No
44,56,Female,HR,Technical Lead,15096,No,4,21,6,No
45,35,Male,R&D,Research Scientist,7214,No,3,6,3,No
46,38,Male,HR,Research Scientist,14023,No,1,1,19,Yes
47,57,Female,R&D,Lab Technician,14950,Yes,3,4,17,No
48,25,Male,IT,Technical Lead,13704,Yes,3,11,3,No
49,23,Male,R&D,Technical Lead,13343,No,2,12,12,No
50,27,Male,Finance,HR Executive,14867,No,1,26,0,Yes
51,25,Male,Sales,Manager,5745,Yes,1,29,2,Yes
52,50,Female,Sales,Manager,6866,No,2,5,15,No
53,39,Male,IT,Software Developer,14956,No,3,23,3,Yes
54,47,Male,Finance,Sales Executive,8818,No,4,29,15,No
55,55,Male,HR,HR Executive,19093,No,1,21,18,No
56,31,Male,Finance,HR Executive,18493,No,1,16,0,No
57,57,Female,Sales,Sales Executive,11224,No,3,13,4,No
58,35,Female,Sales,Technical Lead,7025,No,3,13,18,No
59,52,Male,Finance,Manager,9155,No,1,17,10,No
60,36,Male,Finance,Manager,16839,Yes,3,27,12,Yes
61,29,Male,Sales,Technical Lead,3719,Yes,4,7,19,Yes
62,35,Male,HR,Manager,17890,No,1,8,4,No
63,44,Male,IT,Lab Technician,7426,Yes,4,13,3,No
64,42,Male,IT,HR Executive,15512,No,4,23,3,No
65,37,Female,Finance,Research Scientist,18064,Yes,3,27,3,No
66,39,Male,IT,Sales Executive,16767,Yes,4,16,3,No
67,45,Female,Sales,Manager,14308,No,3,29,19,Yes
68,47,Female,Sales,Software Developer,14477,No,2,4,17,No
69,46,Male,Finance,Manager,15903,No,3,8,17,No
70,50,Female,Finance,Manager,11680,Yes,4,16,15,No
71,36,Female,Finance,Financial Analyst,5204,Yes,2,21,8,No
72,22,Female,HR,Lab Technician,4102,No,3,10,17,Yes
73,46,Female,IT,Sales Executive,8243,No,4,25,1,No
74,28,Female,Finance,Financial Analyst,9614,No,1,12,3,No
75,30,Female,R&D,Financial Analyst,19299,No,1,12,11,Yes
76,45,Male,R&D,Software Developer,11707,No,3,26,6,No
77,22,Female,Sales,HR Executive,16913,No,3,5,14,No
78,29,Female,IT,Software Developer,3630,No,1,16,6,No
79,45,Female,Finance,HR Executive,14908,No,4,1,16,No
80,32,Male,R&D,HR Executive,13847,No,4,28,15,Yes
81,38,Female,IT,Sales Executive,12171,No,4,9,18,No
82,29,Male,Sales,Manager,15721,No,3,12,8,No
83,56,Female,HR,Sales Executive,19661,No,2,5,13,No
84,56,Male,IT,Lab Technician,19616,Yes,2,22,16,Yes
85,54,Male,IT,HR Executive,12744,Yes,2,20,4,No
86,26,Female,HR,Financial Analyst,8690,No,2,22,1,No
87,49,Female,IT,Manager,16401,No,2,28,19,No
88,28,Male,Sales,Research Scientist,10659,Yes,3,24,15,No
89,30,Female,Sales,Lab Technician,13601,No,3,3,13,Yes
90,29,Male,HR,Sales Executive,14704,No,2,5,13,No
91,33,Male,Finance,Software Developer,3025,No,3,2,0,Yes
92,55,Male,R&D,Lab Technician,18384,No,3,14,2,No
93,54,Male,Finance,Lab Technician,16705,No,2,2,6,No
94,44,Male,IT,Manager,11652,Yes,4,13,14,No
95,45,Female,R&D,Lab Technician,16379,Yes,3,7,18,No
96,58,Male,HR,Lab Technician,10006,Yes,4,10,19,No
97,56,Male,HR,Research Scientist,11682,No,3,13,1,No
98,43,Female,R&D,Technical Lead,4072,Yes,3,16,18,Yes
99,48,Male,Sales,Software Developer,3215,No,2,26,8,Yes
100,56,Female,R&D,Software Developer,12915,No,3,14,18,No
101,22,Female,IT,Software Developer,12784,No,1,11,4,Yes
102,56,Female,Sales,HR Executive,17824,Yes,1,10,17,No
103,58,Male,HR,Financial Analyst,6313,Yes,2,6,15,No
104,35,Male,R&D,Technical Lead,14033,Yes,4,4,3,No
105,24,Male,Finance,Software Developer,12968,No,4,21,11,No
106,22,Female,Finance,Lab Technician,19241,No,4,1,6,No
107,26,Male,IT,Lab Technician,8939,Yes,1,7,13,No
108,47,Female,Finance,Software Developer,17696,Yes,4,24,11,No
109,35,Male,R&D,Manager,17794,Yes,4,9,2,No
110,48,Female,R&D,Software Developer,5295,Yes,2,8,4,Yes
111,30,Male,Finance,Lab Technician,4696,No,4,5,16,No
112,36,Male,R&D,HR Executive,14185,No,1,19,9,No
113,36,Male,IT,Sales Executive,15001,No,1,10,9,No
114,47,Female,Sales,Sales Executive,17350,No,1,11,10,Yes
115,34,Female,IT,Technical Lead,6644,Yes,2,25,16,Yes
116,53,Male,IT,Technical Lead,9420,No,2,15,4,No
117,53,Male,R&D,Software Developer,14837,No,3,6,12,No
118,25,Female,Sales,Research Scientist,9353,No,4,15,9,No
119,51,Female,R&D,Software Developer,13541,No,2,5,8,No
120,58,Female,HR,Manager,4932,Yes,1,29,16,No
121,44,Male,R&D,Software Developer,14486,Yes,1,19,0,No
122,36,Female,R&D,Technical Lead,4757,Yes,2,22,3,No
123,50,Male,R&D,Sales Executive,8085,No,2,19,3,Yes
124,57,Female,Sales,Lab Technician,8637,No,2,10,17,No
125,34,Male,R&D,Software Developer,4116,No,3,12,8,No
126,53,Female,Sales,Lab Technician,13759,No,1,22,17,No
127,28,Female,Finance,Lab Technician,14691,No,3,4,13,No
128,43,Female,HR,Research Scientist,3492,No,3,18,14,No
129,49,Female,Sales,Lab Technician,11811,Yes,4,16,5,No
130,23,Female,Finance,Sales Executive,9474,No,1,8,9,No
131,27,Male,Sales,HR Executive,17385,Yes,1,4,14,No
132,49,Female,Sales,HR Executive,12738,No,2,25,3,Yes
133,49,Female,HR,Financial Analyst,16979,No,2,23,17,Yes
134,41,Female,IT,Manager,14755,Yes,4,12,17,No
135,51,Male,IT,Software Developer,12797,No,3,2,16,No
136,32,Female,Sales,Manager,17607,No,2,4,11,No
137,49,Male,R&D,Sales Executive,15867,No,2,5,6,No
138,46,Female,Finance,Lab Technician,10866,No,1,3,15,No
139,54,Female,R&D,HR Executive,18449,No,1,9,10,No
140,22,Male,R&D,Manager,13685,Yes,2,29,13,Yes
141,48,Female,Sales,Sales Executive,8451,Yes,1,21,2,Yes
142,34,Male,Sales,HR Executive,11548,Yes,4,18,18,No
143,24,Male,Sales,Lab Technician,10186,No,2,11,17,Yes
144,27,Female,Sales,Manager,9102,Yes,1,3,9,No
145,29,Male,IT,HR Executive,3619,No,4,25,5,No
146,48,Female,Sales,Software Developer,3882,No,1,23,12,No
147,30,Female,IT,Technical Lead,6642,No,1,2,9,Yes
148,58,Male,IT,Software Developer,4296,No,1,9,17,No
149,54,Male,Sales,Financial Analyst,17122,No,2,14,19,No
150,45,Male,HR,Financial Analyst,5895,No,3,4,15,No
151,36,Male,Finance,HR Executive,8366,Yes,1,29,5,No
152,53,Female,R&D,Technical Lead,11711,Yes,4,9,12,Yes
153,53,Female,IT,Sales Executive,11199,No,2,13,3,No
154,45,Male,Finance,Software Developer,13717,Yes,2,18,13,No
155,33,Female,HR,Sales Executive,6423,Yes,4,15,0,No
156,23,Female,R&D,Technical Lead,13211,No,1,28,19,No
157,24,Female,R&D,Sales Executive,15782,Yes,3,10,4,No
158,58,Female,IT,Technical Lead,15474,No,1,16,7,Yes
159,38,Male,Sales,HR Executive,6667,Yes,4,12,11,No
160,23,Male,HR,Sales Executive,11277,No,2,20,1,No
161,23,Female,IT,Software Developer,15424,No,3,5,11,No
162,49,Male,HR,Lab Technician,11155,No,2,2,4,No
163,44,Male,Sales,Financial Analyst,6583,No,4,10,4,No
164,58,Male,Sales,Lab Technician,18515,No,1,1,12,No
165,53,Female,IT,Sales Executive,7009,Yes,3,7,8,Yes
166,54,Female,Sales,Lab Technician,13410,No,2,26,9,No
167,22,Female,Finance,Software Developer,7967,No,2,17,0,No
168,40,Male,R&D,Software Developer,13695,No,2,16,2,No
169,23,Female,IT,Sales Executive,12135,No,1,27,17,No
170,47,Female,HR,HR Executive,8722,Yes,3,27,11,No
171,53,Male,Finance,Lab Technician,18514,No,1,24,2,No
172,27,Female,IT,HR Executive,14128,No,1,3,8,No
173,53,Female,Sales,HR Executive,7444,Yes,1,14,1,No
174,25,Male,Sales,Technical Lead,10618,No,4,10,2,No
175,32,Male,Sales,Research Scientist,4196,Yes,4,22,13,No
176,38,Male,Sales,Sales Executive,15297,Yes,4,7,3,No
177,59,Female,HR,Financial Analyst,5787,Yes,3,26,18,Yes
178,45,Female,Finance,Software Developer,10927,Yes,1,17,12,No
179,26,Female,R&D,Software Developer,5176,No,1,6,6,No
180,55,Male,HR,Sales Executive,11792,Yes,4,23,11,Yes
181,27,Male,HR,Technical Lead,12171,No,1,22,2,No
182,43,Female,R&D,Manager,5451,No,1,4,8,No
183,32,Female,R&D,Manager,3628,Yes,2,17,1,No
184,37,Male,Sales,Manager,12821,No,1,27,8,No
185,54,Male,HR,Technical Lead,10778,No,2,9,11,Yes
186,30,Male,IT,Financial Analyst,6696,No,1,4,11,No
187,27,Male,R&D,Software Developer,15972,Yes,3,7,14,No
188,37,Female,R&D,Sales Executive,11307,No,4,23,1,No
189,50,Male,Finance,Technical Lead,7956,No,2,2,17,No
190,24,Female,IT,Software Developer,13195,Yes,4,17,12,No
191,41,Female,IT,HR Executive,4105,Yes,2,24,13,No
192,57,Female,R&D,Lab Technician,18417,No,2,8,4,No
193,40,Male,Sales,Lab Technician,17188,Yes,2,23,9,No
194,47,Male,Finance,Technical Lead,15602,No,3,15,11,No
195,24,Male,IT,Software Developer,12256,No,1,15,9,Yes
196,40,Male,R&D,Research Scientist,17212,No,2,8,10,Yes
197,41,Female,IT,Financial Analyst,4913,No,3,16,1,No
198,53,Male,Finance,Manager,13593,Yes,2,19,4,No
199,28,Male,Finance,Financial Analyst,4772,Yes,1,11,6,No
200,54,Female,HR,Financial Analyst,15996,No,2,2,5,Yes
201,39,Male,R&D,Technical Lead,5871,No,3,23,2,Yes
202,22,Female,Finance,HR Executive,16234,No,1,24,12,No
203,32,Female,HR,Financial Analyst,13521,Yes,3,17,2,No
204,49,Female,HR,Lab Technician,13642,Yes,1,28,5,No
205,46,Female,IT,HR Executive,4132,Yes,1,26,10,No
206,44,Female,IT,Sales Executive,3699,No,4,16,16,No
207,52,Female,HR,Financial Analyst,17534,Yes,4,25,9,No
208,51,Female,IT,Financial Analyst,13230,No,4,15,11,No
209,56,Female,Finance,Sales Executive,9297,No,1,13,16,No
210,28,Male,Sales,Financial Analyst,15839,No,2,15,3,No
211,37,Male,Finance,Sales Executive,10812,No,3,27,1,No
212,47,Male,HR,HR Executive,7557,Yes,3,4,10,Yes
213,23,Male,HR,Lab Technician,5179,No,3,16,6,No
214,22,Female,Finance,Sales Executive,14030,No,4,12,1,No
215,33,Male,IT,Research Scientist,12065,No,1,4,17,No
216,26,Female,IT,Technical Lead,11275,No,4,3,3,Yes
217,58,Male,HR,Technical Lead,18089,No,2,22,7,No
218,53,Male,R&D,Sales Executive,6180,Yes,1,17,19,No
219,30,Male,IT,Technical Lead,9696,Yes,3,22,13,No
220,56,Female,Finance,Financial Analyst,12583,No,4,18,11,No
221,40,Male,IT,Manager,19998,No,4,25,17,No
222,37,Female,Finance,Manager,16869,Yes,2,18,10,No
223,24,Female,HR,Technical Lead,14757,No,2,23,7,No
224,41,Male,IT,HR Executive,19654,No,4,28,1,No
225,45,Male,Finance,Software Developer,15258,Yes,2,17,14,No
226,54,Male,HR,HR Executive,5468,No,3,12,8,No
227,45,Female,R&D,Software Developer,17208,No,2,23,18,No
228,32,Male,Finance,Manager,18042,Yes,2,21,19,No
229,29,Female,R&D,Manager,18639,No,4,24,7,No
230,57,Female,R&D,Sales Executive,14546,No,4,4,18,No
231,59,Male,Sales,Lab Technician,15327,No,1,12,4,No
232,41,Male,IT,Research Scientist,17270,No,1,26,10,No
233,56,Female,Finance,HR Executive,18523,No,4,23,14,No
234,46,Female,R&D,Financial Analyst,17300,No,2,22,7,No
235,56,Female,Sales,Software Developer,13775,No,2,21,18,No
236,46,Male,HR,Technical Lead,15265,No,1,20,7,No
237,50,Female,Finance,Financial Analyst,19673,Yes,1,15,18,Yes
238,39,Male,R&D,Lab Technician,9614,Yes,1,23,17,No
239,39,Female,IT,Software Developer,6252,Yes,3,28,9,No
240,23,Female,Sales,HR Executive,10415,No,3,16,6,No
241,56,Male,R&D,Sales Executive,19662,Yes,1,5,8,No
242,37,Female,IT,Financial Analyst,14116,No,2,21,0,No
243,57,Male,R&D,Lab Technician,19964,Yes,1,15,18,Yes
244,54,Male,Finance,HR Executive,7958,Yes,3,17,4,No
245,25,Female,Finance,Manager,7276,No,2,18,18,No
246,54,Male,Finance,Manager,7776,No,3,5,0,No
247,35,Male,Sales,HR Executive,6832,Yes,2,13,14,No
248,42,Female,Finance,HR Executive,17901,No,3,19,15,Yes
249,41,Male,IT,HR Executive,8445,No,2,13,6,No
250,29,Male,R&D,Software Developer,4380,Yes,2,18,11,No
251,28,Male,HR,HR Executive,12865,No,2,14,7,No
252,24,Female,IT,Financial Analyst,16926,No,2,4,4,Yes
253,38,Male,IT,Lab Technician,14580,Yes,4,4,9,No
254,54,Female,Finance,Software Developer,8634,No,3,20,4,Yes
255,33,Female,Sales,HR Executive,8810,No,3,20,16,No
256,43,Male,R&D,Research Scientist,13179,No,4,19,4,No
257,43,Male,Sales,Technical Lead,15251,Yes,2,13,14,No
258,51,Male,R&D,Research Scientist,16131,Yes,2,12,12,No
259,59,Female,R&D,Lab Technician,15707,No,3,7,0,No
260,59,Male,Sales,Manager,5749,Yes,4,25,10,No
261,29,Male,IT,Sales Executive,16156,No,2,12,0,Yes
262,48,Male,R&D,Sales Executive,19589,No,2,21,10,No
263,48,Male,Sales,Technical Lead,6450,No,2,4,17,No
264,55,Male,R&D,Manager,10214,No,1,27,17,Yes
265,42,Female,HR,Software Developer,14814,No,4,2,15,No
266,51,Female,IT,Software Developer,8141,Yes,2,2,12,No
267,54,Male,Finance,Software Developer,5708,No,1,5,6,Yes
268,49,Male,R&D,Sales Executive,18088,Yes,4,23,0,Yes
269,54,Male,HR,Research Scientist,14834,Yes,2,10,15,No
270,26,Male,Finance,Sales Executive,15278,No,3,10,0,No
271,40,Female,Finance,Financial Analyst,13014,No,1,9,16,No
272,25,Male,R&D,HR Executive,6273,No,1,13,5,No
273,56,Female,Sales,Software Developer,17367,Yes,2,7,1,No
274,38,Female,R&D,Research Scientist,7538,No,2,5,16,Yes
275,49,Male,HR,Lab Technician,15541,Yes,1,26,5,No
276,51,Female,Finance,Technical Lead,11712,No,3,10,13,No
277,50,Female,R&D,Lab Technician,12168,Yes,3,10,17,No
278,27,Female,Sales,HR Executive,6551,No,4,6,5,No
279,56,Female,R&D,Research Scientist,15297,No,2,27,9,No
280,58,Male,IT,Sales Executive,13965,No,3,28,17,Yes
281,45,Male,Sales,Sales Executive,5832,No,4,19,8,Yes
282,50,Female,HR,Financial Analyst,16422,No,3,21,7,No
283,52,Male,Finance,Financial Analyst,3152,No,2,8,9,No
284,56,Male,R&D,Sales Executive,14156,Yes,4,1,16,No
285,54,Male,Sales,Lab Technician,14108,Yes,4,28,5,No
286,42,Male,IT,Technical Lead,5800,No,4,17,13,No
287,53,Male,Sales,Software Developer,8310,No,3,7,5,No
288,44,Female,IT,Lab Technician,12944,No,2,14,6,Yes
289,54,Male,HR,Technical Lead,5610,Yes,4,21,11,Yes
290,24,Male,Finance,Financial Analyst,15067,No,1,21,2,No
291,39,Male,HR,HR Executive,4104,No,2,17,13,No
292,46,Male,R&D,Technical Lead,13728,No,1,9,18,No
293,52,Female,Sales,Sales Executive,10263,No,1,17,15,No
294,24,Female,IT,Financial Analyst,4914,No,4,5,6,No
295,45,Female,IT,Financial Analyst,3406,Yes,4,26,7,No
296,53,Female,Sales,Software Developer,16689,No,3,25,17,No
297,43,Male,Sales,Sales Executive,3166,No,3,20,12,Yes
298,44,Female,R&D,Software Developer,3508,No,3,29,8,No
299,23,Male,HR,Sales Executive,6664,Yes,2,8,9,No
300,48,Male,IT,Software Developer,16050,Yes,3,6,8,Yes
301,23,Male,R&D,Technical Lead,3680,No,1,11,14,No
302,47,Male,HR,Lab Technician,7357,No,3,19,19,No
303,38,Male,R&D,HR Executive,4363,No,4,4,1,No
304,54,Female,IT,HR Executive,12523,No,3,18,12,No
305,30,Female,Sales,Sales Executive,5292,No,2,1,1,No
306,50,Female,Sales,Research Scientist,4538,Yes,2,13,18,Yes
307,47,Female,HR,Manager,6408,No,1,14,1,No
308,56,Male,Finance,Financial Analyst,11752,No,2,24,2,No
309,46,Female,HR,Financial Analyst,3174,No,3,1,5,No
310,45,Male,Finance,Sales Executive,5230,No,4,29,2,No
311,34,Female,R&D,Technical Lead,7287,No,2,11,9,No
312,28,Male,R&D,Software Developer,15112,No,1,17,5,No
313,57,Male,IT,Research Scientist,10106,No,3,4,15,No
314,41,Female,Finance,Lab Technician,12689,Yes,1,26,16,No
315,22,Male,IT,Software Developer,15046,Yes,2,12,18,No
316,29,Male,Sales,Software Developer,4151,No,2,10,2,No
317,37,Female,Finance,Sales Executive,10619,Yes,1,6,17,No
318,35,Male,HR,Sales Executive,9033,Yes,3,25,6,No
319,33,Female,Sales,Technical Lead,11560,No,2,1,8,No
320,44,Female,Sales,Financial Analyst,7946,No,4,7,19,No
321,36,Female,HR,Sales Executive,4907,No,2,26,11,No
322,49,Male,Sales,Sales Executive,6490,Yes,3,27,4,No
323,55,Male,Finance,Sales Executive,7173,Yes,2,21,2,No
324,23,Male,IT,Technical Lead,14065,Yes,1,28,10,No
325,53,Female,Sales,Financial Analyst,7769,Yes,2,16,3,Yes
326,44,Male,Finance,Lab Technician,7796,No,2,24,4,No
327,43,Female,R&D,Lab Technician,16046,Yes,3,14,0,Yes
328,46,Female,Finance,Manager,17211,No,1,23,17,Yes
329,43,Male,IT,Manager,7997,Yes,3,20,11,No
330,43,Female,Finance,Sales Executive,11112,No,2,20,12,No
331,27,Male,HR,Manager,8287,No,4,6,8,No
332,36,Male,IT,Financial Analyst,13578,No,2,22,1,No
333,58,Male,R&D,Technical Lead,9426,No,3,25,4,No
334,54,Male,HR,Lab Technician,14599,No,4,28,12,No
335,29,Male,Finance,Software Developer,3389,Yes,3,5,15,No
336,26,Female,IT,Lab Technician,3999,No,3,24,15,No
337,25,Female,R&D,Lab Technician,15812,No,1,21,2,No
338,27,Female,HR,Financial Analyst,18599,No,4,18,3,Yes
339,53,Male,R&D,Manager,4855,Yes,2,15,10,Yes
340,51,Male,Finance,Software Developer,11125,Yes,3,6,13,No
341,56,Male,R&D,Financial Analyst,16794,No,2,25,2,No
342,37,Female,Sales,Sales Executive,5763,No,1,29,15,Yes
343,34,Male,HR,Technical Lead,7986,No,1,19,14,No
344,51,Female,R&D,HR Executive,4481,Yes,4,1,9,No
345,40,Female,Finance,Lab Technician,6731,No,1,1,8,No
346,38,Male,Finance,HR Executive,19835,Yes,1,13,10,No
347,40,Male,R&D,Technical Lead,13758,Yes,2,3,15,No
348,49,Female,Finance,Technical Lead,19311,No,1,10,9,No
349,47,Male,IT,Financial Analyst,11566,Yes,1,21,16,No
350,58,Female,IT,Financial Analyst,14889,Yes,3,3,18,No
351,47,Male,IT,Financial Analyst,14254,No,1,9,1,No
352,44,Male,Sales,HR Executive,14442,Yes,3,8,1,No
353,30,Female,R&D,Financial Analyst,16521,Yes,1,3,5,Yes
354,33,Male,Sales,Technical Lead,7559,Yes,1,25,18,No
355,22,Female,Finance,Sales Executive,19199,Yes,4,13,7,No
356,22,Male,Sales,Financial Analyst,10291,Yes,4,6,2,No
357,55,Female,Finance,Research Scientist,11160,No,3,13,13,No
358,53,Female,Finance,Manager,3112,Yes,1,23,15,Yes
359,46,Male,HR,HR Executive,18924,Yes,2,20,0,No
360,22,Female,IT,Research Scientist,19523,No,4,20,2,No
361,37,Male,Finance,Financial Analyst,4424,No,2,12,17,No
362,26,Male,HR,Technical Lead,13808,No,4,13,8,Yes
363,43,Male,IT,Sales Executive,9043,No,4,2,5,No
364,50,Female,Finance,Lab Technician,9989,No,1,21,0,No
365,24,Female,Finance,Software Developer,9261,No,4,24,9,Yes
366,33,Male,Sales,Manager,3887,No,2,23,5,No
367,47,Male,Sales,Software Developer,19433,No,4,16,11,No
368,37,Female,IT,Financial Analyst,19402,Yes,3,23,3,Yes
369,58,Male,Finance,Manager,15253,Yes,1,6,12,Yes
370,43,Male,R&D,Manager,10846,Yes,1,19,16,Yes
371,50,Female,Sales,Sales Executive,9432,No,3,21,7,No
372,35,Male,IT,Manager,16452,No,3,13,19,Yes
373,49,Female,Finance,HR Executive,16395,No,3,17,2,No
374,26,Male,Finance,Research Scientist,6765,No,4,23,11,No
375,51,Female,R&D,Research Scientist,18950,No,1,9,6,No
376,26,Male,IT,Research Scientist,15502,Yes,3,17,11,Yes
377,33,Male,Finance,HR Executive,12741,Yes,4,29,1,No
378,37,Female,Sales,Software Developer,8941,No,3,2,13,No
379,47,Male,R&D,Sales Executive,7855,No,2,19,4,No
380,47,Female,IT,Manager,18166,No,2,19,8,No
381,42,Male,R&D,HR Executive,8788,No,1,24,10,Yes
382,57,Female,Sales,Research Scientist,3201,Yes,4,7,4,No
383,54,Female,IT,Financial Analyst,13561,No,2,22,2,No
384,51,Female,R&D,Lab Technician,19901,No,2,10,16,No
385,58,Female,HR,Manager,10737,No,4,10,1,No
386,44,Male,Sales,HR Executive,4988,No,3,27,0,No
387,31,Male,Sales,Technical Lead,18441,Yes,4,20,6,Yes
388,26,Female,Sales,HR Executive,14737,Yes,3,9,13,No
389,57,Female,HR,Sales Executive,17256,No,2,17,4,No
390,55,Female,HR,Sales Executive,10162,No,2,27,18,Yes
391,52,Male,Finance,HR Executive,16065,No,2,15,10,No
392,31,Male,R&D,Research Scientist,17114,Yes,1,2,1,No
393,40,Male,Finance,Lab Technician,11399,No,1,4,7,No
394,53,Male,R&D,Manager,8633,Yes,1,19,8,Yes
395,22,Female,HR,Sales Executive,8755,Yes,4,17,2,No
396,26,Female,HR,Manager,13825,No,2,5,1,No
397,25,Female,Finance,Research Scientist,7117,No,2,7,6,No
398,37,Male,IT,Manager,4518,Yes,4,18,4,Yes
399,45,Male,Finance,Financial Analyst,19346,Yes,1,21,4,No
400,37,Male,R&D,Sales Executive,5600,No,4,22,19,No
401,23,Female,Finance,Research Scientist,16237,Yes,1,27,12,No
402,49,Female,Sales,Research Scientist,6554,No,2,7,19,No
403,53,Male,R&D,Lab Technician,19193,No,3,17,5,Yes
404,48,Female,R&D,Lab Technician,18253,Yes,1,7,19,Yes
405,41,Male,IT,Financial Analyst,19194,Yes,2,4,17,No
406,45,Male,HR,Research Scientist,4742,No,2,8,1,No
407,33,Female,R&D,Software Developer,4306,No,3,13,5,No
408,56,Male,HR,Research Scientist,6849,No,2,4,8,No
409,54,Female,Finance,Lab Technician,15360,No,2,6,2,No
410,54,Male,Sales,Software Developer,15768,No,1,25,0,No
411,58,Female,IT,Sales Executive,16032,No,1,5,0,No
412,33,Female,HR,Sales Executive,7195,No,3,12,18,No
413,24,Female,R&D,Manager,10619,No,3,4,4,No
414,22,Male,HR,HR Executive,12280,No,2,24,12,No
415,54,Male,R&D,Lab Technician,5642,No,1,29,18,Yes
416,31,Female,HR,HR Executive,12369,No,3,9,11,No
417,50,Female,R&D,Software Developer,17296,No,3,4,15,No
418,34,Male,Finance,Lab Technician,18438,Yes,4,19,18,No
419,33,Male,R&D,Financial Analyst,18674,No,3,24,2,No
420,52,Male,R&D,Research Scientist,7757,Yes,2,14,11,No
421,23,Female,Sales,Financial Analyst,5994,Yes,1,5,4,No
422,56,Male,R&D,Software Developer,18226,Yes,3,18,1,No
423,44,Male,Sales,Lab Technician,4271,No,4,10,6,No
424,38,Female,IT,Technical Lead,4813,No,1,25,12,Yes
425,47,Male,Sales,Software Developer,11475,Yes,3,19,14,No
426,29,Male,Finance,Technical Lead,7396,No,4,12,2,No
427,50,Male,Sales,Research Scientist,12283,No,3,18,19,No
428,47,Female,IT,Sales Executive,16318,Yes,1,17,4,Yes
429,31,Female,Finance,Sales Executive,3082,No,1,24,7,Yes
430,47,Female,HR,Software Developer,4920,No,1,11,0,No
431,55,Female,HR,HR Executive,10817,No,2,3,7,No
432,28,Female,Sales,Lab Technician,14683,No,3,23,17,Yes
433,25,Female,Sales,Lab Technician,14336,No,2,17,19,No
434,32,Female,IT,Sales Executive,18596,Yes,1,1,15,No
435,50,Male,IT,Manager,5093,Yes,4,15,17,No
436,57,Male,R&D,Financial Analyst,15905,Yes,3,28,19,No
437,46,Female,IT,Manager,11367,No,2,9,11,No
438,42,Male,R&D,Research Scientist,8285,Yes,3,15,12,No
439,57,Male,Finance,Financial Analyst,13896,Yes,4,28,12,No
440,31,Female,Sales,Financial Analyst,7937,No,2,24,9,No
441,58,Male,Finance,Software Developer,19753,No,1,28,6,No
442,30,Male,IT,Sales Executive,15977,No,2,29,13,Yes
443,45,Male,Finance,Manager,10674,Yes,3,3,15,No
444,56,Male,Finance,Manager,6676,Yes,3,22,14,No
445,56,Male,Finance,Sales Executive,5426,No,3,27,11,No
446,57,Female,IT,Manager,5962,Yes,3,19,8,No
447,39,Female,Finance,Technical Lead,3859,Yes,1,13,7,No
448,53,Female,R&D,Sales Executive,15048,No,2,12,17,Yes
449,45,Male,IT,Software Developer,7138,No,1,20,17,No
450,44,Female,Finance,HR Executive,5424,No,1,1,12,No
451,53,Male,IT,Financial Analyst,13409,No,1,21,17,No
452,58,Male,HR,Software Developer,7017,No,3,17,14,Yes
453,33,Male,R&D,Lab Technician,13451,Yes,3,13,3,No
454,34,Male,Finance,Research Scientist,13278,No,3,1,16,No
455,44,Female,HR,HR Executive,13996,Yes,2,10,4,No
456,46,Female,HR,Lab Technician,4134,Yes,4,15,15,No
457,56,Male,IT,Financial Analyst,8119,No,3,27,8,No
458,51,Female,HR,Manager,8694,Yes,2,27,9,Yes
459,38,Male,R&D,Sales Executive,7164,No,3,7,17,No
460,41,Female,R&D,Financial Analyst,8039,Yes,3,28,16,Yes
461,46,Female,Sales,Software Developer,17631,No,1,22,17,No
462,43,Male,R&D,Research Scientist,13442,No,1,18,6,No
463,34,Female,HR,Software Developer,11252,Yes,1,16,3,No
464,40,Male,R&D,HR Executive,4551,Yes,2,14,4,No
465,57,Female,IT,HR Executive,15625,No,4,27,15,No
466,33,Male,Sales,Research Scientist,4629,No,4,28,2,No
467,40,Male,HR,Technical Lead,4361,No,2,18,17,No
468,33,Female,Sales,Lab Technician,7370,No,3,27,13,No
469,30,Female,HR,Lab Technician,8283,No,2,7,14,No
470,28,Male,IT,HR Executive,10610,No,3,17,16,Yes
471,49,Female,Sales,HR Executive,13558,No,2,29,0,No
472,35,Female,Finance,Manager,17924,No,2,18,16,No
473,52,Male,HR,Sales Executive,17839,No,2,12,10,Yes
474,40,Male,Finance,Manager,14949,No,4,8,16,No
475,37,Female,Sales,Manager,13626,No,1,22,13,No
476,26,Male,Finance,Technical Lead,4993,No,2,2,19,Yes
477,56,Male,Finance,Lab Technician,3869,No,4,7,18,No
478,33,Male,Sales,Technical Lead,4014,Yes,1,4,6,No
479,46,Female,IT,Technical Lead,13103,Yes,1,18,12,No
480,42,Female,Finance,Research Scientist,19986,No,2,28,17,Yes
481,57,Male,Finance,Lab Technician,15013,No,3,6,13,No
482,44,Female,IT,Sales Executive,3690,No,3,27,0,No
483,37,Male,Finance,Software Developer,19873,Yes,3,9,6,No
484,35,Female,Finance,HR Executive,13748,No,2,27,7,No
485,52,Male,Finance,HR Executive,11024,No,3,9,17,No
486,26,Male,R&D,Sales Executive,19678,Yes,4,14,8,No
487,56,Female,IT,Technical Lead,8488,No,4,8,0,No
488,44,Male,Finance,Manager,14035,No,4,19,16,No
489,50,Female,IT,Research Scientist,15855,No,4,3,18,No
490,32,Female,HR,Technical Lead,5817,No,1,18,5,No
491,39,Male,HR,HR Executive,7458,No,4,5,2,No
492,33,Male,Finance,Financial Analyst,8307,No,3,14,4,Yes
493,30,Female,IT,Manager,11933,No,2,28,1,No
494,31,Male,IT,HR Executive,13659,No,3,4,19,No
495,38,Male,IT,Financial Analyst,8738,No,4,7,3,No
496,59,Male,R&D,Technical Lead,8668,No,1,20,9,No
497,28,Male,HR,Sales Executive,17427,Yes,4,25,9,Yes
498,34,Male,IT,Sales Executive,10697,No,2,28,10,No
499,30,Female,IT,Manager,19446,Yes,3,12,15,Yes
500,48,Female,R&D,HR Executive,10829,No,2,2,16,No
501,23,Male,R&D,Lab Technician,13751,No,2,11,15,No
502,26,Male,IT,Financial Analyst,16450,Yes,2,14,6,No
503,50,Male,Sales,Research Scientist,10352,No,3,22,15,No
504,58,Female,IT,HR Executive,16516,Yes,4,23,2,No
505,59,Male,IT,Research Scientist,11326,No,2,16,15,No
506,40,Female,R&D,HR Executive,6644,No,3,20,7,Yes
507,29,Female,R&D,Lab Technician,11003,No,1,29,11,Yes
508,22,Female,IT,Lab Technician,6278,Yes,3,6,2,No
509,43,Male,IT,Manager,10296,Yes,1,23,16,No
510,38,Female,IT,Manager,6074,No,3,4,17,No
511,28,Male,R&D,Lab Technician,16261,No,4,15,10,No
512,46,Female,IT,Software Developer,14173,No,2,24,3,No
513,25,Male,IT,Lab Technician,11312,No,4,25,15,No
514,57,Female,Finance,Sales Executive,4637,No,3,1,16,No
515,27,Male,Sales,Sales Executive,16652,No,2,7,8,Yes
516,52,Female,HR,Software Developer,8103,No,1,25,5,Yes
517,40,Male,Sales,Technical Lead,5032,Yes,3,12,19,No
518,48,Male,Finance,Financial Analyst,5761,Yes,2,10,1,No
519,31,Male,HR,Technical Lead,18195,No,1,5,8,No
520,47,Male,IT,Research Scientist,19625,Yes,1,12,5,Yes
521,40,Female,Finance,Technical Lead,5668,No,4,18,2,No
522,24,Female,IT,HR Executive,17638,No,3,10,19,No
523,34,Male,R&D,Technical Lead,18954,Yes,1,6,5,No
524,49,Female,Finance,HR Executive,15356,Yes,2,28,6,No
525,41,Male,R&D,Software Developer,3195,No,1,12,0,No
526,49,Male,Finance,Sales Executive,5187,No,1,7,0,No
527,29,Female,Finance,Manager,14707,No,4,18,4,Yes
528,22,Male,R&D,HR Executive,5330,No,4,2,5,Yes
529,24,Male,HR,Sales Executive,6606,No,2,10,12,No
530,34,Female,Sales,Financial Analyst,3060,No,4,15,1,No
531,49,Male,IT,Research Scientist,17387,No,1,12,14,No
532,46,Male,Finance,Financial Analyst,6927,No,1,26,14,No
533,54,Male,IT,Software Developer,9296,No,4,17,12,No
534,59,Male,R&D,Technical Lead,16622,Yes,1,4,13,Yes
535,27,Female,IT,Technical Lead,17125,No,1,7,6,No
536,53,Female,R&D,Lab Technician,5591,No,2,9,13,No
537,42,Female,IT,Lab Technician,15127,Yes,4,19,9,No
538,37,Male,Sales,Lab Technician,18748,Yes,1,28,16,No
539,42,Male,Sales,Financial Analyst,9121,No,4,27,13,No
540,32,Female,Sales,HR Executive,4200,No,2,23,7,Yes
541,58,Male,Sales,Research Scientist,18721,No,4,7,3,No
542,57,Male,Sales,Lab Technician,14087,Yes,1,23,15,No
543,56,Male,Sales,Software Developer,9972,Yes,4,2,12,No
544,40,Male,R&D,Software Developer,3136,No,1,6,19,Yes
545,41,Female,Finance,Lab Technician,18346,No,1,18,17,No
546,39,Female,IT,Technical Lead,3661,No,1,6,13,No
547,35,Female,Sales,Lab Technician,5472,No,2,13,17,No
548,36,Male,R&D,Research Scientist,3086,No,4,26,4,No
549,52,Female,R&D,Lab Technician,13704,No,2,19,8,No
550,22,Female,R&D,Research Scientist,9219,No,4,2,2,No
551,24,Male,Finance,Software Developer,19322,No,2,12,7,No
552,37,Male,IT,Lab Technician,17749,No,3,15,19,No
553,44,Female,Finance,Financial Analyst,9968,No,1,14,9,Yes
554,32,Female,HR,Manager,16596,No,1,6,18,No
555,33,Female,R&D,Financial Analyst,4700,No,2,18,2,No
556,31,Female,HR,Software Developer,5700,Yes,3,5,10,Yes
557,53,Male,Sales,Research Scientist,14821,No,1,18,10,No
558,37,Female,Sales,Financial Analyst,8520,Yes,4,3,16,No
559,29,Female,Finance,Research Scientist,14510,No,2,3,15,No
560,59,Male,IT,Financial Analyst,6687,No,1,22,6,No
561,33,Female,HR,Financial Analyst,19980,No,1,22,3,No
562,45,Male,IT,Research Scientist,11837,Yes,2,10,18,No
563,49,Male,Finance,HR Executive,17955,No,2,19,11,No
564,29,Male,Sales,Financial Analyst,14281,No,4,3,14,No
565,49,Female,IT,Lab Technician,16917,No,4,29,10,No
566,57,Female,IT,Manager,7757,No,1,12,4,No
567,47,Male,Sales,Software Developer,16045,No,1,29,4,No
568,29,Female,HR,HR Executive,11912,No,2,16,14,No
569,49,Female,Sales,Research Scientist,7733,Yes,1,17,17,No
570,49,Male,IT,HR Executive,10081,Yes,1,7,10,Yes
571,58,Male,HR,Sales Executive,11690,No,2,13,11,No
572,57,Female,HR,Sales Executive,4673,No,1,24,1,No
573,48,Male,Sales,Financial Analyst,17318,Yes,1,2,19,No
574,38,Female,IT,Financial Analyst,14171,Yes,3,4,14,Yes
575,30,Female,Finance,Lab Technician,16545,Yes,4,10,19,No
576,54,Female,IT,Manager,14803,No,2,7,3,No
577,41,Female,R&D,Software Developer,5294,No,3,24,17,No
578,34,Male,Finance,HR Executive,6630,No,4,17,5,No
579,49,Male,HR,Sales Executive,18093,No,4,20,18,No
580,50,Male,Finance,Financial Analyst,19530,No,4,6,10,No
581,34,Male,HR,Technical Lead,17453,Yes,3,19,1,No
582,56,Female,HR,Technical Lead,15174,Yes,3,5,7,Yes
583,27,Female,Finance,Software Developer,6453,Yes,4,10,10,No
584,39,Male,HR,HR Executive,7507,No,1,9,4,No
585,26,Female,HR,Financial Analyst,13602,No,1,27,17,No
586,46,Female,R&D,Financial Analyst,8628,Yes,3,13,17,No
587,23,Female,IT,Sales Executive,11328,No,3,19,13,No
588,31,Male,IT,Sales Executive,18534,No,3,21,9,No
589,51,Male,R&D,Financial Analyst,6552,No,4,24,2,No
590,26,Male,Finance,Research Scientist,19402,Yes,1,6,8,No
591,54,Female,Sales,Financial Analyst,5242,No,3,4,2,Yes
592,22,Male,Sales,Software Developer,17665,No,3,24,10,No
593,39,Male,Sales,Financial Analyst,8097,Yes,2,27,11,Yes
594,53,Male,R&D,Lab Technician,11640,No,4,3,11,No
595,32,Male,R&D,Manager,4948,Yes,2,3,2,Yes
596,42,Male,HR,Lab Technician,8618,No,1,4,6,Yes
597,47,Male,Sales,Lab Technician,7236,No,2,25,13,No
598,46,Female,Finance,Research Scientist,4920,No,2,5,10,No
599,43,Female,Finance,Research Scientist,14169,No,2,8,6,No
600,48,Male,Sales,Technical Lead,7188,No,4,16,9,Yes
601,34,Male,Sales,Financial Analyst,15207,No,1,22,10,No
602,54,Female,Sales,Lab Technician,3238,No,2,3,14,Yes
603,55,Female,R&D,Research Scientist,3204,No,4,24,18,No
604,56,Male,R&D,Sales Executive,13799,No,1,12,15,No
605,22,Male,R&D,Financial Analyst,8552,No,3,25,19,No
606,42,Male,IT,Software Developer,7927,No,2,8,11,No
607,27,Male,Finance,Manager,14164,No,1,13,17,No
608,49,Female,Finance,HR Executive,7390,No,2,4,12,No
609,38,Male,HR,Financial Analyst,18641,No,3,14,4,No
610,26,Male,R&D,HR Executive,9160,No,1,14,3,No
611,52,Male,IT,Lab Technician,18810,No,4,13,13,No
612,26,Male,IT,Manager,8126,No,1,27,7,Yes
613,59,Female,Finance,HR Executive,3816,No,4,6,8,No
614,24,Female,R&D,Lab Technician,16414,No,1,17,18,No
615,44,Female,HR,Sales Executive,3192,No,4,4,2,No
616,58,Male,R&D,HR Executive,6645,No,3,8,4,Yes
617,58,Male,Sales,Manager,15816,No,3,17,17,Yes
618,31,Female,R&D,Technical Lead,9314,No,3,3,0,No
619,31,Male,Sales,Financial Analyst,10374,No,1,17,7,No
620,40,Male,Sales,Lab Technician,6700,No,3,9,18,Yes
621,38,Female,HR,Financial Analyst,13655,Yes,2,2,16,No
622,42,Female,Finance,Manager,18129,Yes,3,25,16,No
623,35,Female,R&D,Research Scientist,12359,Yes,4,13,10,No
624,30,Female,Sales,Lab Technician,6893,No,4,20,1,Yes
625,22,Male,R&D,HR Executive,9811,Yes,4,2,5,No
626,34,Male,Finance,Lab Technician,12288,Yes,1,20,13,No
627,25,Female,Finance,Financial Analyst,3504,No,2,28,2,Yes
628,22,Male,IT,Sales Executive,12813,No,3,11,11,No
629,53,Female,Finance,Lab Technician,17671,No,2,27,3,No
630,55,Female,HR,HR Executive,13738,No,2,26,11,No
631,49,Male,Sales,Research Scientist,14186,Yes,4,22,12,No
632,52,Female,IT,Technical Lead,9773,No,4,15,1,Yes
633,29,Male,HR,Software Developer,6816,No,4,11,1,Yes
634,47,Male,R&D,Sales Executive,3717,No,1,23,14,No
635,55,Male,Sales,Technical Lead,14676,No,2,3,16,No
636,24,Male,Finance,Research Scientist,7434,No,2,3,6,No
637,33,Female,Sales,Lab Technician,8057,No,1,28,13,No
638,22,Male,R&D,Financial Analyst,7994,No,1,26,11,No
639,26,Female,IT,Manager,7234,Yes,1,12,16,No
640,51,Female,IT,Financial Analyst,6764,Yes,2,24,13,Yes
641,51,Female,IT,Technical Lead,14181,Yes,2,5,5,No
642,38,Female,Finance,HR Executive,7637,Yes,4,20,18,No
643,44,Male,HR,Financial Analyst,5104,No,4,7,5,No
644,36,Male,HR,Sales Executive,12447,Yes,2,7,17,Yes
645,58,Female,Sales,Financial Analyst,13674,No,4,13,4,No
646,42,Female,Finance,HR Executive,11385,Yes,1,9,5,No
647,35,Male,IT,Software Developer,14999,Yes,3,25,1,No
648,23,Female,IT,Lab Technician,6719,No,4,21,7,Yes
649,32,Male,R&D,Manager,5581,Yes,2,13,14,No
650,59,Female,R&D,Technical Lead,5763,No,4,12,14,No
651,55,Male,IT,Lab Technician,8991,No,4,13,10,No
652,59,Female,IT,Financial Analyst,13531,Yes,4,24,0,No
653,55,Female,Finance,Research Scientist,14064,Yes,3,10,17,Yes
654,39,Male,HR,Lab Technician,14312,No,1,1,11,No
655,51,Female,R&D,Software Developer,7780,Yes,2,25,11,No
656,36,Female,HR,Financial Analyst,7177,Yes,3,8,10,No
657,48,Male,Finance,Manager,18169,Yes,2,22,7,No
658,55,Female,IT,HR Executive,9476,Yes,2,16,6,No
659,59,Male,HR,Software Developer,5382,No,2,13,1,No
660,54,Male,IT,Financial Analyst,19915,No,3,3,10,Yes
661,45,Female,IT,Software Developer,15508,No,1,3,9,No
662,36,Female,Sales,Lab Technician,3634,Yes,2,24,2,No
663,51,Female,HR,Manager,14996,Yes,1,5,19,No
664,38,Female,HR,HR Executive,17162,No,1,26,9,No
665,26,Female,IT,Financial Analyst,19386,No,4,11,17,No
666,50,Female,Finance,Sales Executive,17005,No,3,7,13,Yes
667,25,Female,Sales,Technical Lead,11397,No,3,21,17,No
668,31,Male,IT,HR Executive,15327,No,4,24,7,Yes
669,38,Female,R&D,Sales Executive,17394,No,4,10,9,No
670,31,Male,R&D,Software Developer,5890,No,1,10,12,No
671,38,Female,Sales,Research Scientist,13858,No,2,20,7,No
672,41,Female,Finance,HR Executive,11026,No,3,2,3,No
673,45,Male,IT,Software Developer,6306,Yes,2,3,3,No
674,26,Female,HR,Sales Executive,3897,No,2,8,4,No
675,55,Female,Sales,Lab Technician,12277,No,4,11,0,No
676,27,Male,Finance,Lab Technician,12471,No,2,13,16,No
677,23,Female,HR,Research Scientist,17896,No,1,7,1,No
678,34,Female,R&D,Technical Lead,18240,No,4,13,7,Yes
679,32,Female,R&D,HR Executive,17683,Yes,2,2,6,No
680,44,Male,HR,HR Executive,3670,No,4,6,14,No
681,37,Female,Sales,HR Executive,14767,No,1,9,4,No
682,52,Female,R&D,Technical Lead,16006,No,1,20,1,No
683,32,Female,IT,Software Developer,18768,No,2,25,6,No
684,37,Female,HR,Manager,19633,No,4,2,7,No
685,29,Male,HR,Manager,4892,No,2,18,6,No
686,25,Male,R&D,Research Scientist,6439,No,2,16,6,No
687,25,Female,Sales,HR Executive,5854,No,4,25,13,No
688,46,Female,IT,Software Developer,14577,No,2,12,17,No
689,24,Male,Sales,Lab Technician,14763,No,1,7,5,No
690,53,Male,Finance,Sales Executive,14618,Yes,4,7,3,No
691,24,Female,Finance,Software Developer,11235,No,4,17,9,No
692,48,Male,R&D,Technical Lead,5618,Yes,4,13,17,Yes
693,50,Female,R&D,Manager,6163,No,4,11,11,No
694,53,Male,R&D,Manager,5942,No,2,6,15,No
695,40,Male,Finance,Lab Technician,4925,No,2,29,6,No
696,42,Male,Sales,Lab Technician,5972,No,1,23,5,No
697,26,Male,Sales,Technical Lead,14705,Yes,3,27,4,No
698,39,Female,R&D,Sales Executive,13640,Yes,3,14,2,No
699,49,Male,IT,Lab Technician,13966,No,1,6,11,No
700,43,Male,Sales,Research Scientist,14138,No,3,6,14,No
701,42,Female,Finance,Sales Executive,18935,No,1,2,9,Yes
702,27,Male,HR,Lab Technician,16145,Yes,2,22,19,No
703,22,Male,HR,Financial Analyst,3489,Yes,4,20,18,No
704,26,Female,HR,Software Developer,14748,Yes,4,25,15,No
705,33,Male,IT,Lab Technician,6516,Yes,2,15,10,No
706,47,Female,R&D,Research Scientist,9410,No,4,28,7,No
707,55,Female,Finance,HR Executive,3053,No,4,17,2,No
708,35,Female,IT,Lab Technician,19999,No,3,29,6,No
709,47,Female,Finance,Manager,8944,No,2,8,6,No
710,48,Male,Finance,Manager,10404,Yes,3,5,13,No
711,30,Female,R&D,Manager,3954,No,3,17,1,No
712,47,Male,HR,HR Executive,13625,Yes,4,20,9,No
713,43,Male,R&D,Manager,4629,Yes,4,1,18,No
714,51,Male,IT,Financial Analyst,13973,No,2,22,8,No
715,38,Male,IT,Lab Technician,9859,Yes,4,18,15,No
716,47,Male,IT,Technical Lead,11841,Yes,4,15,18,No
717,57,Male,R&D,Manager,13539,No,2,5,17,No
718,22,Male,Finance,Sales Executive,15682,No,4,7,8,No
719,29,Male,Finance,Technical Lead,6278,No,3,18,15,No
720,56,Male,Sales,HR Executive,9539,Yes,2,6,12,Yes
721,36,Male,IT,Financial Analyst,19754,Yes,4,22,9,No
722,43,Female,Finance,Sales Executive,3857,No,1,21,19,No
723,35,Female,Sales,Sales Executive,7886,Yes,2,5,13,Yes
724,47,Female,Finance,Sales Executive,15945,No,2,19,11,No
725,49,Male,IT,Sales Executive,10485,Yes,1,10,18,No
726,44,Female,HR,Technical Lead,16680,No,4,15,6,No
727,35,Female,IT,Technical Lead,19767,Yes,4,10,14,No
728,45,Female,R&D,Lab Technician,17397,No,2,27,15,Yes
729,23,Male,Finance,Manager,13744,No,2,16,7,No
730,47,Male,Finance,Software Developer,7334,No,4,12,9,Yes
731,35,Male,R&D,Lab Technician,15226,Yes,4,18,3,No
732,28,Male,R&D,Lab Technician,16440,No,3,23,18,Yes
733,24,Female,HR,Financial Analyst,18020,No,2,1,18,No
734,44,Female,Finance,Financial Analyst,7251,No,2,16,14,No
735,39,Female,Finance,Manager,15180,No,1,22,13,No
736,59,Female,HR,Software Developer,19140,Yes,3,6,0,No
737,56,Male,Sales,Financial Analyst,3922,Yes,4,3,15,No
738,36,Male,HR,Manager,10957,No,3,2,9,Yes
739,46,Male,IT,Manager,18796,Yes,4,28,18,No
740,58,Female,Finance,Technical Lead,4230,No,4,2,2,No
741,49,Male,R&D,Research Scientist,13627,No,3,13,4,Yes
742,31,Male,IT,Technical Lead,13006,No,2,9,8,No
743,38,Female,Finance,Software Developer,7933,No,4,16,17,No
744,43,Female,HR,Financial Analyst,17295,No,3,27,10,No
745,47,Male,IT,Software Developer,19377,Yes,1,5,15,No
746,46,Male,Finance,Lab Technician,3203,Yes,3,23,1,No
747,38,Male,Sales,Lab Technician,19544,No,1,28,11,No
748,34,Male,Sales,Software Developer,18899,Yes,4,21,5,No
749,41,Male,R&D,Research Scientist,6748,Yes,3,7,10,Yes
750,46,Male,Finance,Research Scientist,9718,No,3,13,7,No
751,25,Female,Sales,Technical Lead,4093,No,1,20,11,No
752,31,Female,HR,Software Developer,18228,No,3,24,1,No
753,24,Female,Finance,Financial Analyst,19034,Yes,3,29,8,No
754,39,Male,HR,Technical Lead,8710,Yes,4,27,14,Yes
755,57,Female,HR,HR Executive,12732,Yes,3,26,1,No
756,43,Male,Sales,Research Scientist,6191,No,2,13,0,No
757,55,Male,Finance,Sales Executive,3689,No,1,27,9,Yes
758,29,Female,IT,Technical Lead,5103,No,3,26,1,No
759,40,Male,Sales,Lab Technician,3365,No,1,7,11,Yes
760,58,Male,Sales,Technical Lead,17010,No,1,10,7,No
761,27,Female,Finance,Software Developer,14767,No,1,15,4,No
762,47,Female,Finance,Sales Executive,19103,No,3,21,0,No
763,55,Female,HR,Software Developer,15742,No,3,27,14,No
764,27,Male,Finance,Manager,15391,No,1,6,5,No
765,58,Female,HR,Lab Technician,7172,No,2,5,11,No
766,54,Female,Sales,Lab Technician,18623,No,1,23,7,No
767,43,Male,R&D,Research Scientist,5378,No,2,28,12,No
768,42,Female,IT,Technical Lead,15031,No,1,2,18,No
769,27,Female,Sales,Research Scientist,8669,No,4,21,0,Yes
770,27,Female,Finance,Sales Executive,5735,No,1,15,10,No
771,25,Male,IT,Technical Lead,12867,Yes,1,26,19,No
772,51,Male,R&D,Manager,11490,Yes,3,16,0,Yes
773,32,Male,R&D,Software Developer,3956,No,2,19,7,No
774,51,Male,HR,Manager,12306,No,4,9,4,No
775,52,Female,IT,Lab Technician,9623,Yes,2,29,16,Yes
776,45,Male,HR,Sales Executive,17908,No,4,22,7,No
777,30,Male,Sales,HR Executive,7460,Yes,1,29,9,No
778,24,Female,IT,Sales Executive,16986,Yes,3,26,1,No
779,52,Female,Sales,Financial Analyst,15638,No,3,19,8,No
780,58,Female,HR,Sales Executive,5850,Yes,2,7,2,No
781,57,Male,IT,Manager,16299,Yes,3,4,17,No
782,45,Male,HR,Financial Analyst,13698,No,2,3,6,No
783,52,Male,IT,Financial Analyst,7594,No,2,24,14,Yes
784,27,Female,HR,Technical Lead,17282,No,4,29,19,Yes
785,23,Female,R&D,Technical Lead,19285,No,2,20,17,No
786,41,Male,HR,Financial Analyst,17334,No,4,11,2,No
787,49,Female,R&D,HR Executive,9644,Yes,3,1,13,No
788,32,Female,HR,Technical Lead,5850,No,2,6,1,Yes
789,25,Female,IT,Sales Executive,17933,Yes,2,26,13,No
790,36,Male,IT,Manager,3165,No,1,11,10,Yes
791,27,Female,IT,Sales Executive,13701,No,2,27,15,No
792,51,Female,Finance,HR Executive,3919,No,2,1,7,Yes
793,59,Male,Sales,Lab Technician,11305,Yes,1,21,6,Yes
794,23,Male,IT,Research Scientist,18715,No,1,7,10,No
795,36,Female,R&D,Manager,6839,Yes,3,6,2,No
796,32,Female,IT,Technical Lead,14618,Yes,2,14,16,No
797,29,Male,Finance,Manager,16519,No,3,2,13,No
798,47,Male,R&D,Sales Executive,13776,Yes,3,27,5,No
799,26,Female,Finance,Research Scientist,3067,No,1,4,7,No
800,27,Female,R&D,Software Developer,12788,Yes,4,11,4,Yes
801,47,Female,HR,Software Developer,8660,No,3,15,7,No
802,25,Female,Sales,Technical Lead,7478,No,4,18,1,No
803,40,Male,Sales,HR Executive,11210,No,2,27,14,No
804,41,Female,Finance,Software Developer,13922,No,1,1,11,Yes
805,54,Female,Sales,Manager,6521,No,2,3,16,No
806,41,Male,Finance,Software Developer,3572,No,2,3,0,No
807,33,Female,Finance,Lab Technician,10082,No,1,28,14,No
808,22,Male,Finance,Lab Technician,8395,No,2,7,13,Yes
809,47,Female,Sales,Technical Lead,18407,No,1,1,19,Yes
810,35,Female,Finance,Lab Technician,14094,No,4,25,15,No
811,59,Male,Sales,Software Developer,3650,No,2,11,8,No
812,58,Male,Finance,HR Executive,8741,No,1,6,0,No
813,32,Female,IT,Financial Analyst,16281,No,3,20,16,No
814,57,Female,Finance,Financial Analyst,9838,No,2,3,12,No
815,34,Female,R&D,Technical Lead,6262,Yes,4,19,4,No
816,24,Male,Finance,Research Scientist,7996,Yes,1,2,9,No
817,54,Female,HR,Financial Analyst,14826,No,2,18,5,No
818,27,Male,Finance,Financial Analyst,5827,Yes,2,12,18,Yes
819,31,Male,R&D,Lab Technician,17211,No,2,29,12,Yes
820,26,Female,R&D,Lab Technician,8232,No,4,10,0,No
821,44,Male,Sales,Software Developer,5217,No,1,5,19,Yes
822,31,Female,IT,Technical Lead,17232,Yes,3,9,14,No
823,23,Female,Finance,Research Scientist,17026,Yes,3,2,13,Yes
824,34,Female,Sales,Technical Lead,16878,No,3,2,7,No
825,23,Female,IT,Sales Executive,9837,No,1,28,9,No
826,41,Female,Finance,Manager,10031,No,3,6,8,No
827,22,Male,HR,Research Scientist,17806,No,4,29,16,Yes
828,58,Male,Finance,Research Scientist,6716,No,1,10,8,No
829,30,Female,R&D,HR Executive,6414,No,2,18,2,No
830,38,Female,R&D,Technical Lead,3570,No,4,12,10,No
831,30,Male,HR,Software Developer,16288,Yes,2,4,11,Yes
832,32,Male,Sales,HR Executive,3917,No,3,22,9,No
833,36,Male,IT,Research Scientist,13066,No,4,21,16,No
834,45,Male,Finance,Research Scientist,9982,No,1,17,16,No
835,59,Female,R&D,Research Scientist,9336,Yes,4,15,10,No
836,56,Female,Sales,Financial Analyst,19999,No,2,6,3,Yes
837,51,Male,HR,Technical Lead,12941,No,1,16,6,No
838,52,Female,R&D,Manager,15380,No,4,17,13,No
839,26,Male,HR,Manager,14667,Yes,4,3,6,No
840,35,Female,Finance,HR Executive,7529,No,4,10,7,No
841,32,Male,IT,Research Scientist,15192,No,4,5,0,Yes
842,30,Female,R&D,Manager,11566,No,1,14,3,No
843,55,Male,R&D,Lab Technician,10226,No,2,26,11,Yes
844,33,Male,Finance,Technical Lead,8162,No,4,29,2,No
845,56,Female,Sales,Manager,19590,No,1,21,12,No
846,56,Male,IT,Software Developer,4319,No,2,13,19,No
847,22,Female,R&D,Technical Lead,4141,No,4,26,5,No
848,43,Female,IT,Software Developer,7627,Yes,2,6,10,No
849,50,Male,R&D,Manager,17501,No,2,12,3,No
850,29,Female,IT,Lab Technician,5690,Yes,1,26,19,No
851,32,Female,HR,Software Developer,10323,No,2,8,15,Yes
852,58,Female,R&D,Financial Analyst,6255,Yes,1,5,6,Yes
853,35,Female,IT,Manager,8213,Yes,4,15,10,No
854,51,Female,Sales,Financial Analyst,7108,No,2,27,0,No
855,56,Male,HR,Manager,12802,Yes,2,16,6,Yes
856,42,Female,HR,Sales Executive,14413,No,3,1,11,No
857,58,Female,Sales,Sales Executive,17995,Yes,4,16,6,No
858,26,Female,IT,Sales Executive,15583,No,4,5,6,No
859,40,Female,Finance,Software Developer,8021,No,3,3,9,No
860,35,Female,Sales,Financial Analyst,9582,No,3,20,15,No
861,47,Male,IT,Financial Analyst,16455,No,1,15,7,No
862,25,Female,Sales,Financial Analyst,16117,Yes,1,13,8,No
863,46,Male,Sales,Lab Technician,4262,No,2,24,8,Yes
864,46,Male,R&D,Financial Analyst,10382,Yes,2,16,1,No
865,39,Male,IT,Lab Technician,6327,No,2,23,12,No
866,29,Male,Finance,Sales Executive,13020,No,2,11,12,No
867,35,Female,R&D,Sales Executive,19848,No,1,21,3,No
868,53,Male,Sales,Software Developer,17062,Yes,4,2,11,No
869,59,Male,Sales,Manager,9774,No,2,22,16,No
870,54,Female,Sales,Sales Executive,18160,Yes,4,27,1,No
871,44,Female,IT,Manager,4230,No,2,6,12,No
872,36,Female,IT,Manager,12076,No,3,26,17,No
873,54,Male,R&D,Technical Lead,6805,No,2,26,14,No
874,46,Female,Finance,Software Developer,17715,Yes,2,27,7,No
875,38,Female,R&D,Research Scientist,8750,Yes,2,6,14,No
876,54,Male,HR,Research Scientist,18627,No,1,14,0,No
877,23,Female,Sales,HR Executive,16232,Yes,3,25,19,No
878,35,Female,Sales,Technical Lead,6135,Yes,2,11,9,Yes
879,27,Female,Sales,Software Developer,9953,No,2,8,11,No
880,27,Female,R&D,HR Executive,4546,Yes,4,8,4,No
881,24,Male,R&D,HR Executive,18457,Yes,3,1,8,Yes
882,28,Female,Sales,Technical Lead,5411,No,2,21,7,No
883,29,Female,R&D,Research Scientist,17113,No,4,7,15,No
884,36,Male,IT,Software Developer,7145,Yes,4,6,13,No
885,50,Female,IT,Research Scientist,5775,Yes,1,21,12,Yes
886,54,Male,R&D,HR Executive,16193,No,4,8,12,No
887,51,Female,Sales,Software Developer,15851,Yes,2,19,4,No
888,48,Male,R&D,HR Executive,16070,No,1,22,15,No
889,57,Male,R&D,Financial Analyst,6970,Yes,1,21,10,No
890,50,Male,R&D,Technical Lead,17119,No,2,24,4,No
891,59,Male,HR,Manager,7331,No,3,20,12,No
892,54,Female,IT,Software Developer,13295,No,4,8,10,No
893,58,Male,Finance,Software Developer,4942,No,1,26,18,No
894,48,Female,Finance,Manager,19575,No,3,14,2,No
895,54,Male,HR,HR Executive,16404,Yes,2,18,14,Yes
896,25,Male,R&D,Financial Analyst,3861,Yes,4,25,6,No
897,43,Male,HR,Lab Technician,12275,No,4,29,6,No
898,23,Female,HR,Manager,7134,Yes,1,16,5,No
899,31,Male,Sales,Technical Lead,14803,Yes,4,9,2,Yes
900,26,Female,IT,Research Scientist,18408,No,4,15,12,No
901,31,Female,Finance,HR Executive,19351,No,4,26,6,Yes
902,54,Female,R&D,Manager,7131,No,4,10,4,Yes
903,59,Female,Finance,Manager,15057,No,2,29,17,No
904,34,Female,Finance,Software Developer,14349,No,3,22,7,No
905,52,Female,IT,Research Scientist,14486,Yes,2,16,16,No
906,57,Female,Finance,Research Scientist,8457,No,2,4,19,Yes
907,45,Female,Finance,Technical Lead,9079,Yes,1,20,0,No
908,36,Female,HR,Research Scientist,15453,No,4,13,13,Yes
909,50,Male,IT,Manager,15158,No,2,22,16,No
910,29,Male,Sales,Lab Technician,18735,No,4,5,9,No
911,26,Male,R&D,Sales Executive,18830,No,2,22,11,No
912,50,Male,Finance,HR Executive,18125,Yes,2,7,15,No
913,25,Male,R&D,Sales Executive,14905,No,1,23,13,Yes
914,33,Female,Sales,Manager,15298,No,3,9,15,No
915,23,Female,R&D,Sales Executive,5011,No,3,8,7,No
916,48,Female,Sales,Manager,6373,No,2,29,9,No
917,52,Female,HR,Sales Executive,13335,No,1,16,16,No
918,57,Female,Finance,Research Scientist,13692,Yes,4,6,17,Yes
919,57,Female,Sales,Financial Analyst,17527,Yes,4,28,19,No
920,47,Female,R&D,Research Scientist,15773,No,2,16,15,No
921,48,Male,Finance,Research Scientist,4289,No,3,6,16,No
922,26,Male,HR,Technical Lead,4447,No,1,14,15,Yes
923,41,Male,Finance,Software Developer,17139,No,3,21,18,Yes
924,32,Male,Sales,Software Developer,16757,No,4,1,7,No
925,31,Female,HR,Sales Executive,8462,No,3,25,5,No
926,59,Female,R&D,Manager,10657,No,4,9,5,No
927,27,Female,HR,Technical Lead,7920,Yes,1,25,8,Yes
928,29,Male,HR,Research Scientist,13345,No,1,27,3,No
929,44,Female,IT,Technical Lead,11417,Yes,2,24,11,No
930,47,Female,HR,Sales Executive,8208,Yes,2,13,11,No
931,33,Female,HR,Software Developer,3687,No,3,26,16,No
932,47,Male,Finance,Financial Analyst,19913,No,1,29,14,No
933,34,Female,R&D,HR Executive,16223,Yes,1,19,8,No
934,39,Male,Finance,Sales Executive,11080,Yes,2,17,6,No
935,46,Male,Finance,Technical Lead,12486,Yes,4,11,9,Yes
936,54,Male,Sales,Financial Analyst,9094,No,3,28,15,No
937,33,Male,Finance,HR Executive,10692,Yes,3,28,11,No
938,57,Female,IT,Lab Technician,14088,Yes,2,8,6,No
939,25,Male,IT,Sales Executive,6103,No,1,23,17,No
940,26,Male,Sales,Sales Executive,5440,No,2,29,14,No
941,58,Female,R&D,Lab Technician,10124,No,2,5,5,No
942,29,Female,R&D,Lab Technician,17031,Yes,2,10,11,No
943,49,Male,Finance,Sales Executive,17536,No,2,7,10,No
944,52,Female,Finance,Lab Technician,3446,No,4,10,19,Yes
945,30,Male,Finance,Research Scientist,6915,No,4,4,2,Yes
946,50,Male,R&D,HR Executive,18787,No,1,9,1,No
947,35,Male,HR,HR Executive,9587,No,2,27,5,Yes
948,43,Male,IT,HR Executive,3226,Yes,4,26,4,No
949,32,Female,HR,Research Scientist,14151,No,1,14,17,No
950,44,Male,HR,Manager,8558,No,2,2,15,No
951,22,Female,R&D,Lab Technician,14971,No,3,25,7,No
952,58,Female,HR,Financial Analyst,3186,Yes,4,9,19,No
953,42,Female,Sales,Lab Technician,17680,Yes,1,21,10,Yes
954,47,Female,Finance,Sales Executive,17559,No,3,27,9,No
955,57,Male,Sales,Software Developer,14069,Yes,2,1,11,No
956,44,Female,IT,Technical Lead,5535,Yes,2,23,5,No
957,22,Male,Finance,Technical Lead,4932,No,2,10,19,No
958,36,Female,HR,HR Executive,5032,No,4,10,4,No
959,42,Female,IT,Lab Technician,4252,No,1,20,8,Yes
960,30,Male,Finance,Financial Analyst,8509,No,3,25,15,No
961,30,Male,HR,Sales Executive,8074,No,1,22,13,Yes
962,31,Male,Sales,Research Scientist,16900,Yes,4,29,7,No
963,47,Female,Finance,Manager,17523,Yes,1,3,19,No
964,56,Female,HR,Research Scientist,4881,No,4,6,18,No
965,46,Male,Sales,Financial Analyst,3269,No,2,29,13,No
966,47,Male,IT,Sales Executive,4630,No,3,26,6,Yes
967,32,Male,IT,HR Executive,16383,Yes,2,6,4,No
968,59,Male,IT,Lab Technician,19152,No,1,21,17,Yes
969,23,Female,IT,Sales Executive,14084,No,2,2,1,Yes
970,28,Male,R&D,Technical Lead,4695,No,3,26,10,No
971,39,Male,Finance,Manager,17821,No,2,26,7,No
972,48,Male,Finance,Research Scientist,6262,No,3,18,0,No
973,55,Male,R&D,Manager,4445,No,3,23,11,No
974,48,Female,HR,Manager,19436,No,2,2,1,No
975,38,Male,HR,Financial Analyst,12949,Yes,4,12,17,No
976,45,Female,IT,Financial Analyst,9901,No,1,22,6,Yes
977,46,Male,Sales,Lab Technician,3719,No,4,5,16,No
978,28,Male,HR,Financial Analyst,11597,Yes,4,20,13,No
979,27,Female,Sales,Financial Analyst,9855,No,2,7,6,No
980,45,Male,Finance,Sales Executive,11263,No,1,24,2,No
981,54,Female,Sales,Technical Lead,17520,Yes,1,16,5,No
982,50,Female,Finance,HR Executive,14874,No,4,20,19,No
983,43,Male,R&D,Lab Technician,17079,Yes,2,1,1,No
984,47,Female,R&D,Sales Executive,10243,No,1,1,16,No
985,49,Female,IT,HR Executive,12018,No,4,17,11,No
986,42,Female,HR,Manager,19732,No,1,27,11,No
987,28,Female,IT,Sales Executive,15100,No,2,1,16,No
988,38,Female,Finance,Software Developer,19691,No,2,21,9,No
989,41,Female,IT,Sales Executive,7820,No,2,20,2,No
990,41,Female,Sales,Financial Analyst,14001,Yes,1,13,19,No
991,43,Female,Finance,HR Executive,16907,No,3,9,17,No
992,49,Male,R&D,Lab Technician,14669,Yes,1,15,12,No
993,28,Male,HR,Lab Technician,18916,No,3,3,11,No
994,22,Female,Finance,HR Executive,13878,No,2,14,16,No
995,53,Male,Finance,Financial Analyst,5985,Yes,4,23,3,No
996,34,Female,Sales,Research Scientist,11112,No,3,11,9,No
997,51,Female,HR,Sales Executive,11467,Yes,2,24,10,No
998,44,Male,R&D,Financial Analyst,3336,Yes,2,22,5,Yes
999,40,Female,Finance,Software Developer,13165,No,3,12,5,No
1000,53,Female,Finance,Technical Lead,15768,Yes,4,13,8,No
